code,period_end,disc,ratio_vs_prev,ratio_vs_next,split_after_pe_before_disc,split_0to5bd_before_pe,X_ok,X_bad
14010,2017-02-28,2017-04-10,10.0,10.0,"[(np.str_('2017-03-29'), np.float64(0.1))]",[],727500.0,7275000.0
14500,2024-12-31,2025-02-07,2.0,2.0,"[(np.str_('2025-01-30'), np.float64(0.5))]",[],2174900.0,4349800.0
18220,2025-03-31,2025-05-09,0.2,0.2,[],"[(np.str_('2025-03-28'), np.float64(0.2))]",90415815.0,18083163.0
18280,2017-03-31,2017-05-12,0.5,0.5,[],"[(np.str_('2017-03-29'), np.float64(0.5))]",5364000.0,2682000.0
18520,2022-06-30,2022-08-09,2.0,2.0,"[(np.str_('2022-07-28'), np.float64(0.5))]",[],80786290.0,161572580.0
18520,2024-06-30,2024-08-08,5.0,5.0,"[(np.str_('2024-07-30'), np.float64(0.2))]",[],80786290.0,403931450.0
19730,2020-03-31,2020-04-28,3.0,3.0,[],[],49773807.0,149321421.0
19810,2018-03-31,2018-05-18,10.0,10.0,[],[],11800000.0,118000000.0
19920,2019-09-30,2019-11-12,3.0,3.0,"[(np.str_('2019-10-30'), np.float64(0.3333333333333333))]",[],8744090.0,26232270.0
21240,2023-12-31,2024-02-14,0.25,0.25,[],"[(np.str_('2023-12-28'), np.float64(0.25))]",41389300.0,10347325.0
21800,2019-06-30,2019-08-23,2.0,1.9931541114826614,"[(np.str_('2019-07-08'), np.float64(0.5))]",[],3791394.4281754703,7569800.0
23230,2024-12-31,2025-02-13,2.0,2.0,"[(np.str_('2025-01-30'), np.float64(0.5))]",[],3549020.0,7098040.0
24360,2022-09-30,2022-11-11,2.0010999345538942,1.9978037544817135,"[(np.str_('2022-10-28'), np.float64(0.5))]",[],1455831.5054373567,2910864.0
24580,2017-03-31,2017-05-02,2.064075865825137,1.9938105406492743,"[(np.str_('2017-04-20'), np.float64(0.5))]",[],6351647.562640736,12885200.0
24690,2022-06-30,2022-08-05,9.767247123368804,9.767247123368804,[],[],5132740.0,50132740.0
24710,2019-08-31,2019-10-03,5.0,4.999999999999999,"[(np.str_('2019-09-27'), np.float64(0.2))]",[],3160300.0000000005,15801500.0
26520,2024-03-31,2024-05-15,5.0,5.0,"[(np.str_('2024-04-26'), np.float64(0.2))]",[],7236000.0,36180000.0
26670,2023-03-31,2023-05-15,0.16694435188270576,0.16694435188270576,[],[],10803600.0,1803600.0
27220,2018-02-28,2018-04-10,2.0,2.0,"[(np.str_('2018-03-28'), np.float64(0.5))]",[],1952000.0,3904000.0
27720,2017-03-20,2017-04-20,2.0,2.0,"[(np.str_('2017-04-06'), np.float64(0.5))]",[],7051600.0,14103200.0
28040,2019-06-30,2019-07-26,2.0,2.0,[],[],6977440.0,13954880.0
29300,2017-02-28,2017-04-14,2.0,2.0,"[(np.str_('2017-03-29'), np.float64(0.5))]",[],11084000.0,22168000.0
29910,2022-04-30,2022-06-10,2.000809197882599,1.9994608982782438,"[(np.str_('2022-05-30'), np.float64(0.5))]",[],1483449.915736962,2967100.0
29910,2022-07-31,2022-09-09,0.5001348117690675,0.49899122364571774,[],[],2970498.0541989924,1483950.0
29910,2022-10-31,2022-12-12,2.004043262913171,1.999193304426742,"[(np.str_('2022-11-29'), np.float64(0.5))]",[],1485748.909641195,2973900.0
31500,2018-06-30,2018-08-10,2.0,2.0,"[(np.str_('2018-07-27'), np.float64(0.5))]",[],3881800.0,7763600.0
31600,2017-05-31,2017-07-14,2.0,2.0,"[(np.str_('2017-06-28'), np.float64(0.5))]",[],6021600.0,12043200.0
31760,2019-12-31,2020-02-07,2.0,2.0,"[(np.str_('2020-01-30'), np.float64(0.5))]",[],14503854.0,29007708.0
31860,2017-02-28,2017-04-07,2.00034980323568,1.988102251108171,"[(np.str_('2017-03-29'), np.float64(0.5))]",[],10323151.328446174,20586600.0
32300,2017-08-31,2017-09-29,2.0,2.0833333333333335,"[(np.str_('2017-09-27'), np.float64(0.5))]",[],9797958.971132712,20000000.0
32480,2019-10-31,2019-12-10,0.1,0.1,[],[],3181000.0,318100.0
33000,2018-03-31,2018-05-15,2.0,2.0,"[(np.str_('2018-04-23'), np.float64(0.5))]",[],3402200.0,6804400.0
33160,2018-03-31,2018-05-11,5.0,5.0,"[(np.str_('2018-04-25'), np.float64(0.2))]",[],1260000.0,6300000.0
33990,2023-07-31,2023-09-11,2.0,2.0,"[(np.str_('2023-08-30'), np.float64(0.5))]",[],2514100.0,5028200.0
34090,2020-09-30,2020-11-13,0.5799086757990868,0.5948440486700997,[],"[(np.str_('2020-09-29'), np.float64(0.5799086757990868))]",12747884.610623814,7487200.913242009
34520,2017-12-31,2018-02-14,2.003597391890879,2.0,"[(np.str_('2018-01-12'), np.float64(0.5))]",[],4006498.3826279026,8020200.0
34610,2018-06-30,2018-08-09,2.2334788937409025,2.0,"[(np.str_('2018-07-27'), np.float64(0.5))]",[],1451986.776799293,3068800.0
34640,2017-06-30,2017-08-03,2.0009596928982725,1.9971264367816093,"[(np.str_('2017-07-21'), np.float64(0.5))]",[],1668799.232981607,3336000.0
34650,2016-12-31,2017-02-10,2.0,2.0,"[(np.str_('2017-01-27'), np.float64(0.5))]",[],7116250.0,14232500.0
34690,2017-12-31,2018-02-09,3.0170894526034715,2.998673036093418,"[(np.str_('2018-02-06'), np.float64(0.3333333333333333))]",[],1126944.7191410942,3389700.0
34770,2017-09-30,2017-11-09,2.0,2.0,[],[],1000000.0,2000000.0
34790,2017-08-31,2017-10-13,0.14285714285714285,0.14285714285714285,[],"[(np.str_('2017-08-29'), np.float64(0.14285714285714285))]",4730000.0,675714.2857142857
34800,2023-10-31,2023-12-14,0.5013807958907515,0.4992392230909541,[],"[(np.str_('2023-10-30'), np.float64(0.5))]",5443287.533053899,2723325.0
34840,2017-12-31,2018-02-01,4.2122,4.0,"[(np.str_('2018-01-29'), np.float64(0.25))]",[],2052364.490045567,8424400.0
34860,2018-09-30,2018-11-06,2.0516746411483253,2.0,"[(np.str_('2018-10-16'), np.float64(0.5))]",[],1862808.4775413708,3773440.0
34940,2023-12-31,2024-02-13,5.0,5.0,"[(np.str_('2024-01-30'), np.float64(0.2))]",[],1602200.0,8011000.0
34960,2020-12-31,2021-01-27,2.0076654575319965,1.9952387430281595,"[(np.str_('2021-01-28'), np.float64(0.5))]",[],1465642.9374168867,2933400.0
35260,2017-09-30,2017-11-09,10.0,10.0,[],"[(np.str_('2017-09-27'), np.float64(10.0))]",60569390.0,605693900.0
35380,2017-09-30,2017-11-10,2.0040283326059956,1.9897012015264885,"[(np.str_('2017-10-27'), np.float64(0.5))]",[],2391684.6099768253,4775840.0
35650,2017-07-31,2017-09-12,2.132916392363397,1.9784440644846115,"[(np.str_('2017-08-29'), np.float64(0.5))]",[],1577185.5946590432,3239900.0
36260,2020-03-31,2020-05-12,0.3333333333333333,0.3333333333333333,[],"[(np.str_('2020-03-30'), np.float64(0.3333333333333333))]",87789098.0,29263032.666666664
36280,2018-06-30,2018-08-09,0.1,0.1,[],[],3565060.0,356506.0
36480,2017-09-30,2017-10-30,2.0,1.9912585120239168,"[(np.str_('2017-10-27'), np.float64(0.5))]",[],8903444.645930922,17767932.0
36650,2017-10-31,2017-12-14,0.1,0.1,[],[],21321000.0,2132100.0
36770,2019-03-31,2019-05-13,2.0,2.0,"[(np.str_('2019-04-24'), np.float64(0.5))]",[],5917600.0,11835200.0
37500,2017-12-31,2018-02-09,5.0,5.0,"[(np.str_('2018-01-29'), np.float64(0.2))]",[],1436639.0,7183195.0
37580,2017-06-30,2017-08-14,0.5141925010540856,0.4679672373163981,[],"[(np.str_('2017-06-28'), np.float64(0.5))]",8462697.513130905,4151255.0
37630,2018-12-31,2019-01-30,2.0017495493584985,1.9951912914817163,"[(np.str_('2019-01-29'), np.float64(0.5))]",[],7557189.826913176,15102800.0
38360,2017-09-30,2017-11-06,2.0,2.0,"[(np.str_('2017-10-27'), np.float64(0.5))]",[],4694000.0,9388000.0
38440,2017-09-30,2017-10-30,0.3334827013200396,0.33325869950555087,[],"[(np.str_('2017-09-27'), np.float64(0.3333333333333333))]",5357699.697631438,1786100.0
38480,2022-12-31,2023-02-06,2.0,2.0,"[(np.str_('2023-01-30'), np.float64(0.5))]",[],3707000.0,7414000.0
39020,2017-03-31,2017-05-11,2.0,2.0,"[(np.str_('2017-04-26'), np.float64(0.5))]",[],10003600.0,20007200.0
39020,2018-03-31,2018-05-14,2.0,1.9993441513222676,"[(np.str_('2018-04-25'), np.float64(0.5))]",[],10005240.615467476,20007200.0
39210,2017-10-31,2017-12-11,2.0,1.9837899173285785,"[(np.str_('2017-11-13'), np.float64(0.5))]",[],3686369.482295555,7342800.0
39240,2023-09-30,2023-11-13,2.0,2.0,"[(np.str_('2023-10-30'), np.float64(0.5))]",[],5989300.0,11978600.0
39250,2018-03-31,2018-05-14,0.5014925373134328,0.5,[],"[(np.str_('2018-03-28'), np.float64(0.5))]",3354996.274215517,1680000.0
39260,2017-12-31,2018-02-09,3.0,3.0,"[(np.str_('2018-01-29'), np.float64(0.3333333333333333))]",[],10420000.0,31260000.0
39360,2021-09-30,2021-11-10,3.007377900757077,2.891389413131804,"[(np.str_('2021-11-01'), np.float64(0.3333333333333333))]",[],1189760.928455797,3508383.0
39390,2017-06-30,2017-08-08,3.0,3.0,"[(np.str_('2017-07-27'), np.float64(0.3333333333333333))]",[],1337000.0,4011000.0
39400,2019-06-30,2019-08-09,2.0022068095838588,2.0,"[(np.str_('2019-07-30'), np.float64(0.5))]",[],1904249.7105159292,3810600.0
39830,2017-06-30,2017-08-14,2.075,2.0,"[(np.str_('2017-07-27'), np.float64(0.5))]",[],4074309.7574926727,8300000.0
39890,2018-06-30,2018-08-06,3.0022095287975255,2.9954439309567746,"[(np.str_('2018-08-01'), np.float64(0.3333333333333333))]",[],6116796.108257983,18343200.0
40460,2024-09-30,2024-11-08,0.2,0.2,[],"[(np.str_('2024-09-27'), np.float64(0.2))]",133660085.0,26732017.0
40510,2022-12-31,2023-02-13,2.0,1.9891347012885685,"[(np.str_('2023-01-13'), np.float64(0.5))]",[],4141374.6381726926,8260220.0
40820,2017-03-31,2017-05-11,5.0,5.0,"[(np.str_('2017-04-19'), np.float64(0.2))]",[],4880000.0,24400000.0
42870,2018-07-31,2018-09-14,0.33436751354183986,0.3333333333333333,[],"[(np.str_('2018-07-27'), np.float64(0.3333333333333333))]",4228890.927455566,1411815.3333333333
43440,2017-12-31,2018-02-14,2.000031513929157,1.9994959121626943,"[(np.str_('2018-01-29'), np.float64(0.5))]",[],31736249.71542794,63465000.0
43450,2017-06-30,2017-08-10,2.0,2.0,"[(np.str_('2017-07-27'), np.float64(0.5))]",[],11200000.0,22400000.0
44280,2019-06-30,2019-08-09,5.027513756878439,5.0,"[(np.str_('2019-07-30'), np.float64(0.2))]",[],1202695.4726779344,6030000.0
44300,2019-08-31,2019-09-30,2.0,2.0,[],[],2336800.0,4673600.0
44310,2021-07-31,2021-09-14,2.002535553987874,1.9995916408889978,"[(np.str_('2021-08-30'), np.float64(0.5))]",[],9788097.351886116,19586600.0
44380,2019-09-30,2019-11-11,4.0,4.0,"[(np.str_('2019-10-02'), np.float64(0.25))]",[],1946200.0,7784800.0
44390,2019-11-30,2020-01-10,3.0,3.0,"[(np.str_('2019-12-27'), np.float64(0.3333333333333333))]",[],2400000.0,7200000.0
44400,2019-08-31,2019-10-11,0.5428494911622924,0.5,[],"[(np.str_('2019-08-29'), np.float64(0.5))]",1945355.751527211,1013500.0
44500,2024-06-30,2024-08-14,2.0343506932113335,1.994619966886852,"[(np.str_('2024-07-30'), np.float64(0.5))]",[],1450301.9779514885,2921470.0
46740,2019-12-31,2020-02-04,2.0,2.0,"[(np.str_('2020-01-30'), np.float64(0.5))]",[],12000000.0,24000000.0
48320,2025-03-31,2025-04-25,0.5,0.5,[],"[(np.str_('2025-03-28'), np.float64(0.5))]",7853000.0,3926500.0
50280,2023-09-30,2023-11-13,3.0098500930418512,2.9924201523912153,"[(np.str_('2023-10-11'), np.float64(0.3333333333333333))]",[],2786938.249378877,8363943.0
51390,2023-09-30,2023-11-13,4.0003907945341375,3.9933756451806506,"[(np.str_('2023-10-31'), np.float64(0.25))]",[],5327162.9486622615,21292040.0
53520,2017-09-30,2017-10-30,10.0,10.0,[],"[(np.str_('2017-09-27'), np.float64(10.0))]",91145280.0,911452800.0
53550,2018-09-30,2018-11-08,10.0,10.0,[],"[(np.str_('2018-09-26'), np.float64(10.0))]",14090400.0,140904000.0
53800,2017-12-31,2018-02-05,10.0,10.00001683335698,[],"[(np.str_('2017-12-27'), np.float64(10.0))]",4158413.499998527,41584170.0
56100,2019-06-30,2019-08-13,10.0,10.0,[],[],13580000.0,135800000.0
56120,2018-09-30,2018-10-31,10.0,10.000002733008733,[],"[(np.str_('2018-09-26'), np.float64(10.0))]",32930744.49999969,329307490.0
56440,2018-09-30,2018-11-13,5.0,5.0,[],"[(np.str_('2018-09-26'), np.float64(5.0))]",15786910.0,78934550.0
56980,2022-03-31,2022-05-13,2.0,2.0,"[(np.str_('2022-04-18'), np.float64(0.5))]",[],7525613.5,15051227.0
57070,2025-03-31,2025-05-15,2.2908614987971383,2.2908614987971383,[],[],135855210.0,311225470.0
57240,2020-12-31,2021-02-05,2.0,2.0,"[(np.str_('2021-01-28'), np.float64(0.5))]",[],2572300.0,5144600.0
60310,2021-12-31,2022-02-14,2.0001891696587,1.9988657330389281,"[(np.str_('2022-01-28'), np.float64(0.5))]",[],3172805.826257888,6344112.0
60330,2018-09-30,2018-11-14,2.008312342195379,1.9967532323785377,"[(np.str_('2018-10-29'), np.float64(0.5))]",[],2702576.744098861,5411976.0
60370,2023-07-31,2023-09-14,0.5,0.5,[],"[(np.str_('2023-07-28'), np.float64(0.5))]",5922200.0,2961100.0
60460,2018-09-30,2018-11-06,6.0,6.0,"[(np.str_('2018-10-29'), np.float64(0.16666666666666666))]",[],3250000.0,19500000.0
61380,2020-03-31,2020-05-12,10.021052128650895,10.021052128650895,[],[],29929990.0,299929990.0
61840,2018-07-31,2018-09-13,4.003103314512305,3.9910618366206867,"[(np.str_('2018-08-29'), np.float64(0.25))]",[],9294389.456010545,37150400.0
61880,2017-12-31,2018-02-09,3.0,3.0,"[(np.str_('2018-01-29'), np.float64(0.3333333333333333))]",[],2250000.0,6750000.0
61880,2018-12-31,2019-02-14,2.0,2.0,"[(np.str_('2019-01-29'), np.float64(0.5))]",[],2250000.0,4500000.0
61920,2018-01-31,2018-03-14,3.007472580450765,2.983262264376519,"[(np.str_('2018-02-26'), np.float64(0.3333333333333333))]",[],2499179.591385941,7485900.0
62000,2018-03-31,2018-05-10,2.0744679556599297,2.0,"[(np.str_('2018-04-25'), np.float64(0.5))]",[],8369901.7132819425,17048600.0
62390,2019-12-31,2020-02-13,2.0,2.0,"[(np.str_('2020-01-30'), np.float64(0.5))]",[],3539200.0,7078400.0
62930,2018-06-30,2018-08-03,0.1,0.1,[],[],22272000.0,2227200.0
63020,2017-09-30,2017-10-31,5.0,5.0,[],"[(np.str_('2017-09-27'), np.float64(5.0))]",614527405.0,3072637025.0
63580,2017-09-30,2017-11-10,10.031205880633236,10.000000467801568,[],"[(np.str_('2017-09-27'), np.float64(10.0))]",42686619.20257026,427531720.0
64050,2022-06-30,2022-08-10,2.0,2.0,"[(np.str_('2022-07-28'), np.float64(0.5))]",[],6480000.0,12960000.0
64160,2018-09-30,2018-11-13,10.0,10.0,[],"[(np.str_('2018-09-26'), np.float64(10.0))]",15525000.0,155250000.0
64780,2017-09-30,2017-10-27,2.0,2.0,[],"[(np.str_('2017-09-27'), np.float64(2.0))]",17473454.0,34946908.0
65380,2018-06-30,2018-08-13,2.000114883106439,2.0,"[(np.str_('2018-07-25'), np.float64(0.5))]",[],1740949.9992820013,3482000.0
65390,2018-09-30,2018-11-07,0.25001206680181487,0.24997586989044931,[],"[(np.str_('2018-09-26'), np.float64(0.25))]",6215849.983710997,1553925.0
65430,2022-08-31,2022-10-13,0.5,0.5,[],"[(np.str_('2022-08-30'), np.float64(0.5))]",2020300.0,1010150.0
65650,2018-06-30,2018-07-31,0.5,0.5,[],"[(np.str_('2018-06-27'), np.float64(0.5))]",7088000.0,3544000.0
65670,2020-08-31,2020-10-15,2.0,2.0,"[(np.str_('2020-09-29'), np.float64(0.5))]",[],3164700.0,6329400.0
65690,2019-03-31,2019-05-10,2.023330632477003,1.9994348087180756,"[(np.str_('2019-04-24'), np.float64(0.5))]",[],8442401.049464542,16980600.0
67690,2018-12-31,2019-02-06,0.10000729329584039,0.10000729329584039,[],[],12340100.0,1234100.0
67690,2019-03-31,2019-05-08,9.999270723604246,9.999270723604246,[],[],1234100.0,12340100.0
67690,2018-12-31,2019-07-16,0.10000729329584039,0.10000729329584039,[],[],12340100.0,1234100.0
68610,2016-12-20,2017-02-01,2.0,2.0,"[(np.str_('2017-01-18'), np.float64(0.5))]",[],60801921.0,121603842.0
69570,2024-06-30,2024-08-09,0.5,0.5,[],"[(np.str_('2024-06-27'), np.float64(0.5))]",7779865.0,3889932.5
69620,2021-09-30,2021-11-11,4.0,4.0,"[(np.str_('2021-10-28'), np.float64(0.25))]",[],9049242.0,36196968.0
70310,2022-09-30,2022-11-14,3.0,3.0,"[(np.str_('2022-10-12'), np.float64(0.3333333333333333))]",[],871600.0,2614800.0
70340,2019-04-30,2019-06-14,2.008287724784988,2.0,"[(np.str_('2019-06-07'), np.float64(0.5))]",[],2563294.520729134,5137200.0
70660,2021-09-30,2021-11-12,2.048205535690637,2.0,"[(np.str_('2021-10-12'), np.float64(0.5))]",[],2292437.4517094246,4639800.0
70660,2023-06-30,2023-08-14,2.031159862728172,1.9345097252857428,"[(np.str_('2023-07-19'), np.float64(0.5))]",[],2433451.9668569583,4823700.0
70780,2021-03-31,2021-05-14,3.2253569657907786,2.997350757414616,"[(np.str_('2021-04-09'), np.float64(0.3333333333333333))]",[],2510771.8668170553,7806654.0
70940,2020-12-31,2021-02-10,3.0,2.9160878898850866,"[(np.str_('2021-01-28'), np.float64(0.3333333333333333))]",[],3122985.8148893346,9237000.0
70950,2024-04-30,2024-06-13,4.0,4.0,"[(np.str_('2024-05-30'), np.float64(0.25))]",[],3663568.0,14654272.0
72190,2022-11-30,2023-01-13,10.0,10.0,[],[],4000000.0,40000000.0
72730,2017-09-30,2017-11-10,10.0,10.0,[],"[(np.str_('2017-09-27'), np.float64(10.0))]",15385000.0,153850000.0
73520,2021-11-30,2022-01-13,2.001078574125007,1.9933998971611884,"[(np.str_('2021-12-06'), np.float64(0.5))]",[],5202030.388377215,10389680.0
73880,2023-05-31,2023-07-14,2.0,2.0,"[(np.str_('2023-06-29'), np.float64(0.5))]",[],11500000.0,23000000.0
74460,2018-03-31,2018-05-02,5.0,5.0,[],"[(np.str_('2018-03-28'), np.float64(5.0))]",4800000.0,24000000.0
75050,2021-09-30,2021-11-05,0.5,0.5,[],"[(np.str_('2021-09-29'), np.float64(0.5))]",17402450.0,8701225.0
75190,2018-09-30,2018-11-09,10.0,10.000001979887315,[],"[(np.str_('2018-09-26'), np.float64(10.0))]",20203171.9999999,202031740.0
76830,2024-07-31,2024-09-13,2.000579131135433,1.9996895895030915,"[(np.str_('2024-08-29'), np.float64(0.5))]",[],4766819.88214365,9534280.0
76920,2023-01-31,2023-03-17,4.0,4.0,"[(np.str_('2023-03-15'), np.float64(0.25))]",[],3059200.0,12236800.0
78040,2022-07-31,2022-09-09,0.001,0.001,[],[],2300000.0,2300.0
78690,2018-03-31,2018-05-08,10.0,10.0,[],"[(np.str_('2018-03-28'), np.float64(10.0))]",4020000.0,40200000.0
78780,2017-07-31,2017-10-16,10.0,10.0,[],"[(np.str_('2017-07-27'), np.float64(10.0))]",3960000.0,39600000.0
78780,2017-04-30,2017-10-17,0.1,0.1,"[(np.str_('2017-07-27'), np.float64(10.0))]",[],39600000.0,3960000.0
78780,2017-07-31,2017-10-24,10.0,10.0,[],"[(np.str_('2017-07-27'), np.float64(10.0))]",3960000.0,39600000.0
78780,2017-10-31,2017-12-12,0.1,0.1,[],[],39600000.0,3960000.0
78780,2017-07-31,2017-12-14,10.0,10.0,[],"[(np.str_('2017-07-27'), np.float64(10.0))]",3960000.0,39600000.0
80220,2025-03-31,2025-05-13,0.3333333333333333,0.33333333333333337,[],"[(np.str_('2025-03-28'), np.float64(0.3333333333333333))]",132891215.0,44297071.666666664
80900,2018-06-30,2018-08-08,10.0,10.000000621037119,[],"[(np.str_('2018-06-27'), np.float64(10.0))]",112714683.49999994,1127146870.0
80930,2018-09-30,2018-11-09,5.0,5.00000030788566,[],"[(np.str_('2018-09-26'), np.float64(5.0))]",32479590.999999985,162397960.0
81110,2018-03-31,2018-05-15,0.5,0.5,[],"[(np.str_('2018-03-28'), np.float64(0.5))]",11912043.0,5956021.5
82020,2016-12-31,2017-02-14,10.00000004518882,10.00000004518882,[],[],66388103.0,663881033.0
82540,2021-05-31,2021-07-15,1.5852683335704174,1.5852683335704174,[],[],31353140.0,49703140.0
82540,2021-02-28,2021-08-31,0.6308080334562364,0.6308080334562364,[],[],49703140.0,31353140.0
82600,2020-08-31,2020-10-12,9.97173858792674,9.97173858792674,[],[],11480495.0,114480495.0
86130,2020-09-30,2020-10-29,0.09997679168640877,0.09997679168640877,[],[],67398262.0,6738262.0
89250,2022-04-30,2022-06-14,0.0999999973312312,0.1,"[(np.str_('2022-05-30'), np.float64(10.0))]",[],337234154.5,33723415.0
89380,2020-12-31,2021-01-29,1.6277605927631105,1.6277605927631105,[],[],2780200.0,4525500.0
89380,2020-03-31,2021-05-10,0.6143409568003535,0.6143409568003535,[],[],4525500.0,2780200.0
90050,2017-06-30,2017-08-08,0.5,0.5,"[(np.str_('2017-07-27'), np.float64(2.0))]",[],1249739752.0,624869876.0
90210,2024-03-31,2024-04-30,0.5,0.5,[],"[(np.str_('2024-03-28'), np.float64(0.5))]",244001600.0,122000800.0
90590,2023-06-30,2023-08-01,0.5,0.5,[],"[(np.str_('2023-06-29'), np.float64(0.5))]",11654360.0,5827180.0
91660,2024-04-30,2024-06-11,2.0135523637911628,1.8116888270050717,"[(np.str_('2024-05-30'), np.float64(0.5))]",[],36156861.813700035,69058000.0
92350,2025-01-31,2025-03-14,2.105302815474985,1.943997020299477,"[(np.str_('2025-02-27'), np.float64(0.5))]",[],3596422.080651825,7275716.0
92380,2024-02-29,2024-04-15,2.0821719457013574,2.0,"[(np.str_('2024-03-14'), np.float64(0.5))]",[],1127471.5074005197,2300800.0
92730,2018-09-30,2018-11-09,3.0,3.0,"[(np.str_('2018-11-01'), np.float64(0.3333333333333333))]",[],3301665.0,9904995.0
92730,2020-09-30,2020-11-12,2.0,2.0,"[(np.str_('2020-11-04'), np.float64(0.5))]",[],3301665.0,6603330.0
92730,2020-12-31,2021-02-10,0.5,0.5,[],[],6603330.0,3301665.0
92730,2021-03-31,2021-05-13,2.0,2.0,"[(np.str_('2021-04-28'), np.float64(0.5))]",[],3301665.0,6603330.0
93020,2025-03-31,2025-05-09,3.0,3.0000000000000004,"[(np.str_('2025-04-28'), np.float64(0.3333333333333333))]",[],124922009.99999999,374766030.0
93110,2017-09-30,2017-10-27,10.0,10.0,[],"[(np.str_('2017-09-27'), np.float64(10.0))]",14180000.0,141800000.0
95520,2023-06-30,2023-07-28,3.0054013883387882,2.9837398697879545,"[(np.str_('2023-07-11'), np.float64(0.3333333333333333))]",[],19257926.540050983,57668844.0
95600,2023-05-31,2023-07-13,3.0771598417995447,2.9761914599648693,"[(np.str_('2023-06-29'), np.float64(0.3333333333333333))]",[],3903502.3820958533,11812992.0
97880,2023-12-31,2024-02-09,2.0,2.0,"[(np.str_('2024-01-30'), np.float64(0.5))]",[],23306750.0,46613500.0
98760,2022-11-30,2023-01-13,0.09783209774823222,0.09783209774823222,[],[],27711028.0,2711028.0
98780,2018-09-20,2018-11-02,10.0,10.000005387840721,[],"[(np.str_('2018-09-18'), np.float64(10.0))]",16704284.499999395,167042890.0
